Production_budget_USD,Worldwide_gross_USD
10000000,00388
6600000,00828
30000000,00918
9000000,01242
30000000,03200
16000000,03361
46500000,03622
30000000,03892
34000000,04091
10000000,04803
26000000,05000
7700000,05336
10000000,06422
5000000,07556
5000000,08297
6537890,08744
10000000,09069
12500000,10011
23000000,10452
10000000,11894
6000000,13722
9000000,14443
12000000,14616
11400000,15000
5800000,15091
5000000,16670
35000000,16816
24200000,17000
21000000,17396
10000000,17472
12000000,17479
12000000,17484
8000000,19585
10000000,19716
5250000,20097
15000000,22441
15000000,22723
8000000,23106
10600000,24084
5500000,24956
6800000,25032
6000000,25317
5600000,27766
5500000,28468
7000000,30471
5700000,30638
15000000,30680
7000000,31443
16000000,31631
6000000,32251
56000000,32766
5700000,35955
6000000,36497
23000000,36686
8000000,36884
26000000,42472
10000000,45779
50000000,46425
7000000,46488
14000000,47185
11900000,48856
17700000,49521
6800000,49526
24000000,49981
8900000,50136
8000000,53086
6000000,54606
8000000,54702
20000000,55039
5000000,56001
5500000,56653
7200000,59774
11000000,61611
15000000,61847
6500000,64148
6000000,65108
5000000,65388
6000000,66351
5000000,67505
10000000,67657
5700000,69582
9000000,70066
10000000,70527
18000000,70644
33000000,70958
15000000,73548
65000000,74070
14200000,74205
15000000,76382
40000000,79123
55000000,79161
15300000,81525
11900000,81897
8000000,82703
5000000,84733
10000000,93388
5000000,99147
10000000,100688
8000000,100915
50000000,102118
15000000,102458
8000000,109045
8000000,109338
10000000,109383
6750000,113568
9500000,115155
6000000,115862
6000000,119452
5000000,121016
20000000,121972
12000000,122558
15000000,123570
10500000,125169
10000000,126247
8000000,127188
5000000,127564
10000000,128486
25000000,129115
6000000,129210
10000000,131719
5000000,134552
30000000,135739
10000000,137221
25000000,137885
10000000,139034
8500000,140244
10000000,141108
5000000,143273
18000000,145526
12000000,146028
20000000,146072
8000000,146083
9000000,148089
9000000,148826
10000000,150191
10000000,152857
8000000,163753
13400000,164247
50000000,166003
10000000,173472
33000000,176847
8900000,176988
12000000,178287
6000000,181798
9000000,184255
12000000,190946
90000000,195459
17000000,195792
7000000,196067
12000000,196857
7500000,197148
20000000,200730
30000000,201857
25000000,205505
7500000,206400
20000000,206678
9000000,208163
12000000,214202
13000000,217277
12000000,220175
15000000,220944
10000000,221805
16800000,223202
5000000,223838
6700000,223878
10000000,226792
10000000,228524
5000000,228830
18000000,229311
11000000,229653
5800000,230312
7500000,231346
7000000,234750
5000000,240425
10000000,244465
10000000,245359
9000000,248795
8000000,252676
7000000,254683
14000000,266967
6000000,267194
10000000,268461
14000000,274299
17000000,275380
20000000,277943
35000000,289773
12500000,292562
8000000,298110
8500000,298347
12000000,303439
13000000,303877
20000000,305070
7000000,306715
100000000,311434
18000000,315000
15500000,318623
18900000,320700
17500000,325491
8000000,336456
16000000,337997
5000000,340911
45500000,347136
9000000,349618
5000000,353480
15000000,353743
11000000,355968
10000000,366301
20000000,375474
12000000,378650
7000000,382946
5600000,385422
5000000,391611
6000000,391942
10800000,399879
14000000,403952
5000000,407488
6000000,408159
5000000,418689
6400000,449865
12000000,450594
7000000,453377
9000000,454255
9900000,458054
8000000,458232
40000000,463730
13000000,464495
20000000,468867
19700000,476270
30000000,480314
10000000,488872
30000000,490973
8300000,493296
15000000,501752
6000000,509424
15500000,517262
7000000,523511
15000000,528731
15000000,529766
5600000,531806
7500000,533344
20000000,538460
30000000,538690
5800000,542860
7000000,546201
12000000,550472
11000000,551002
21000000,557241
5200000,564489
8000000,568932
10000000,580862
20000000,582024
20000000,587470
8000000,589308
8000000,590817
10000000,598645
5500000,611709
70000000,619423
13000000,622023
38000000,623374
40000000,627047
35000000,630779
15000000,632542
21600000,635733
10000000,641439
13000000,656688
7000000,659000
40000000,659210
24000000,669276
30000000,669625
7900000,672243
15000000,673414
18000000,676698
12500000,677200
13500000,687081
8000000,690290
8000000,700261
16000000,705908
60000000,709982
25000000,720828
5000000,742898
10000000,749641
20000000,754301
27000000,765637
5250000,769726
6000000,773490
25000000,780326
5400000,792200
12000000,793352
5200000,795126
6000000,802778
15000000,824295
10000000,836641
5000000,851690
10000000,866778
12000000,870067
6400000,871577
25000000,872142
7400000,872643
40000000,876671
25000000,881745
7700000,882290
20000000,882710
9000000,883887
10000000,900926
40000000,915840
6800000,927107
5000000,942441
10000000,952820
21000000,970816
113500000,999811
14000000,1000000
7000000,1000000
5500000,1008098
10000000,1011054
12700000,1022720
5500000,1023424
13000000,1024175
6500000,1029017
6000000,1030920
20000000,1031872
18000000,1034589
5000000,1050861
9000000,1053788
22000000,1054361
5500000,1060512
20000000,1065907
10100000,1066555
9000000,1069318
36000000,1069334
10000000,1069454
8000000,1071240
5000000,1082044
26000000,1083350
12500000,1089445
27000000,1090947
8000000,1095369
8500000,1109199
6500000,1109660
12500000,1110186
7000000,1110509
55000000,1147784
13000000,1151330
13000000,1152117
8000000,1163056
13000000,1173673
10100000,1183658
20000000,1186538
12000000,1188194
25000000,1190003
20000000,1190018
5250000,1200010
15000000,1200216
8400000,1207007
12500000,1212799
6000000,1214525
50000000,1224330
15500000,1237615
7000000,1246141
42000000,1259693
10000000,1276984
10000000,1279681
10000000,1291645
15000000,1294640
18000000,1305114
32000000,1308696
77500000,1311213
35000000,1320043
7500000,1333124
8000000,1335672
6000000,1348205
19000000,1353824
17000000,1361045
19100000,1361512
6000000,1418304
7000000,1429299
10000000,1430721
12000000,1442338
10000000,1475746
16000000,1477650
35000000,1500000
12000000,1506998
25000000,1513793
5000000,1526697
9000000,1530535
9000000,1533324
10000000,1562800
17000000,1569918
6200000,1579146
10400000,1610194
12500000,1612957
7000000,1632000
10000000,1638202
10000000,1641788
40000000,1641825
20000000,1646664
15000000,1658706
7000000,1661464
16000000,1669971
9200000,1685269
16000000,1686429
15500000,1693000
25000000,1702112
12000000,1703125
40000000,1738477
7000000,1738692
14000000,1755212
10000000,1759252
12000000,1779284
13000000,1784763
7000000,1785645
8000000,1793359
10000000,1799322
58000000,1802521
22000000,1810078
7300000,1818681
10000000,1822250
8300000,1829142
25000000,1872994
7000000,1891936
80000000,1900451
20000000,1903434
10000000,1930282
15000000,1953732
15000000,1954202
35000000,2000000
20000000,2000000
11000000,2000000
10000000,2000000
5200000,2000000
9000000,2000093
16000000,2013456
11900000,2022115
6500000,2025032
6000000,2025238
13000000,2037459
12500000,2039869
19500000,2061449
7000000,2062066
12000000,2062406
65000000,2070920
6000000,2077046
5000000,2080693
13300000,2086345
13000000,2087720
12000000,2104164
13000000,2104439
6100000,2108367
17000000,2110050
19000000,2119994
19000000,2119994
5952000,2120439
5000000,2141423
45000000,2154540
8300000,2160710
7000000,2165637
5000000,2184640
10000000,2185266
5300000,2197694
11000000,2200000
12000000,2201923
15000000,2203641
6000000,2207975
35000000,2221994
18000000,2222862
63700000,2223293
5000000,2229058
17000000,2231474
20000000,2246000
6500000,2274649
8000000,2275557
29200000,2280004
15000000,2281585
17000000,2315000
16000000,2322593
12000000,2326407
6500000,2339957
7000000,2344847
20000000,2353728
20000000,2374107
18000000,2402004
25000000,2405420
15000000,2423467
16000000,2429989
15000000,2434652
5250000,2450504
5000000,2450846
9000000,2450867
25000000,2455635
14000000,2461628
20000000,2468683
20000000,2483472
18000000,2483790
9600000,2484186
10000000,2529395
25000000,2546747
13300000,2614251
14000000,2656784
36000000,2679437
9200000,2684904
17000000,2694071
13000000,2703296
5000000,2712131
23000000,2715657
28000000,2775593
11000000,2794056
40000000,2816518
20700000,2840417
11000000,2844379
12000000,2883879
10000000,2893666
32000000,2899970
7000000,2938532
36000000,2954405
9000000,2956339
10000000,3000000
5000000,3000342
30000000,3005605
7500000,3014696
15000000,3020665
9400000,3030848
10000000,3041803
5000000,3046086
9200000,3047539
11000000,3051221
25000000,3054285
13000000,3058380
5600000,3064356
6000000,3067312
5000000,3072605
25000000,3073392
13000000,3075255
8000000,3076425
20000000,3083538
14000000,3100650
30000000,3102550
10000000,3128941
9000000,3134509
38000000,3143056
12000000,3149034
13000000,3172382
10000000,3193102
18000000,3203044
8000000,3205706
5000000,3220371
60720000,3229457
22000000,3242457
15000000,3247816
26000000,3254172
6000000,3273588
10750000,3275443
10000000,3275585
16000000,3287315
6000000,3322127
10000000,3336053
6000000,3347411
7500000,3347647
10000000,3357324
10000000,3400278
18000000,3419967
9000000,3438735
44000000,3484331
18000000,3500605
30000000,3517797
15000000,3526588
20000000,3531756
7000000,3571624
9500000,3573673
32000000,3588602
6000000,3591299
5000000,3614896
5500000,3629758
8000000,3647381
26700000,3652206
45000000,3681811
40000000,3688560
15000000,3703046
13000000,3703182
5000000,3707583
18000000,3712282
43000000,3740823
11000000,3753806
9900000,3759078
8000000,3759286
20000000,3763583
30000000,3765585
10000000,3818664
8300000,3827466
10000000,3877922
5900000,3895664
30000000,3909149
8000000,3915251
12000000,3950294
5000000,3954651
14000000,3958546
6500000,4002293
25000000,4008527
20000000,4017609
15000000,4023741
8470000,4046336
6400000,4063859
25000000,4064333
11000000,4068087
10000000,4073448
5000000,4078607
18000000,4100000
7500000,4151836
12500000,4157491
30000000,4167493
22500000,4200117
30000000,4211129
35000000,4212494
16000000,4217115
18500000,4221341
15000000,4235837
7500000,4239767
10000000,4269426
8500000,4273372
33000000,4283255
10000000,4286367
14000000,4299773
5000000,4306697
9000000,4333569
5000000,4339241
24000000,4356126
32000000,4357406
12500000,4360548
10000000,4365455
7000000,4372561
22000000,4398532
6000000,4398989
42000000,4408420
46000000,4408636
100000000,4411102
60000000,4426297
18000000,4438438
20000000,4442377
7300000,4443403
8500000,4444637
20000000,4452423
27500000,4463292
27000000,4476235
27000000,4485485
35000000,4496583
18000000,4501094
6000000,4543320
28700000,4559569
40000000,4563029
6000000,4595000
25000000,4598506
15000000,4604982
45000000,4617608
35000000,4651977
6000000,4670644
6000000,4694491
14000000,4702420
24000000,4710455
20000000,4712792
8000000,4714090
12000000,4717455
7000000,4720371
16000000,4734235
14000000,4741987
19000000,4750000
60000000,4775656
40000000,4777007
9000000,4777465
5000000,4799774
18000000,4806750
11000000,4814244
5000000,4816142
22000000,4835065
40000000,4835968
16000000,4839383
13000000,4857374
6000000,4859475
5500000,4865000
12000000,4880941
12000000,4884663
9000000,4886216
13000000,4919896
12000000,4922166
17000000,4936819
9000000,4950029
15000000,4956401
22000000,5000000
8500000,5001655
13000000,5002310
10000000,5005465
20000000,5005899
5000000,5010163
7000000,5017971
8000000,5018450
15000000,5027684
19000000,5059608
12000000,5078660
16000000,5083906
35000000,5101237
14000000,5108820
25000000,5128124
7500000,5142858
20000000,5178569
27000000,5204007
20000000,5210988
5000000,5211842
15000000,5217498
10000000,5241315
15000000,5306706
5000000,5308707
19000000,5310554
30000000,5321508
5000000,5321508
6000000,5359774
75000000,5409517
7000000,5430822
14000000,5463019
6250000,5488570
10000000,5490423
20000000,5501616
13500000,5501940
5000000,5502773
25000000,5516708
12000000,5549923
5500000,5580479
11000000,5599781
10000000,5637066
25000000,5654777
8000000,5656388
42000000,5666340
12000000,5669081
18000000,5675599
28000000,5686694
7000000,5694308
18000000,5700626
20000000,5702083
18000000,5705761
47000000,5707094
30000000,5718096
20000000,5749134
55000000,5755286
40000000,5775076
25000000,5778353
35000000,5781086
90000000,5800000
18000000,5828466
13000000,5871603
39000000,5881504
29000000,5899797
16000000,5900000
6000000,5909483
67000000,5932060
70000000,5946136
12500000,5956480
25000000,5958315
14000000,5990075
18000000,6000000
10000000,6000000
20000000,6002756
10000000,6003262
10000000,6044618
22000000,6047691
9000000,6047856
22000000,6069605
54000000,6087542
5000000,6090172
5000000,6096582
44000000,6105175
23000000,6113834
40000000,6114237
40000000,6115824
13500000,6118683
9000000,6126237
24000000,6144806
5000000,6157157
55000000,6167817
6500000,6173485
10000000,6197866
18500000,6198883
7000000,6199600
20000000,6201757
5500000,6217849
8500000,6263670
13000000,6276869
50000000,6291602
28500000,6301131
5000000,6352306
8000000,6363628
15000000,6382178
15000000,6409528
6500000,6423605
35000000,6448817
16800000,6469813
50000000,6471394
20000000,6485961
10000000,6491969
10000000,6501381
38000000,6504442
34000000,6543194
14000000,6552255
45000000,6566773
20000000,6575282
38600000,6594959
7000000,6601079
18000000,6617867
9000000,6623082
35000000,6630252
35000000,6670765
6000000,6671283
15000000,6708137
105000000,6712451
10000000,6719864
12000000,6730578
18000000,6734844
40000000,6738000
9700000,6738954
5000000,6755271
8000000,6758416
55000000,6768055
23000000,6777741
12500000,6797696
5800000,6800000
10000000,6810754
21000000,6830957
6000000,6852450
17000000,6855137
6800000,6857096
12000000,6860000
10000000,6861102
35000000,6864016
20000000,6882696
10000000,6900335
31000000,6901965
17900000,6905861
30000000,6916869
19000000,6928068
12000000,6982680
40000000,7000000
12500000,7000000
12500000,7000000
28000000,7002261
5600000,7009668
20000000,7013191
17500000,7018188
23000000,7018525
10000000,7027762
13500000,7060876
17000000,7070641
10000000,7078738
5000000,7100000
46500000,7100177
25000000,7164995
18000000,7190505
41000000,7204138
15000000,7219578
55000000,7221458
45000000,7262288
7000000,7309628
17000000,7314027
10000000,7316658
40000000,7388654
35000000,7459300
29000000,7460204
7000000,7468936
26000000,7496522
27000000,7500310
30000000,7502560
20000000,7535331
10000000,7570127
20000000,7578946
10000000,7582065
15000000,7597898
25000000,7634767
30000000,7638768
35000000,7659747
30000000,7689607
14500000,7691700
60000000,7696134
9000000,7710234
6000000,7714996
18000000,7739049
10000000,7779614
15000000,7800825
15250000,7802450
38000000,7873007
13000000,7881335
30000000,7885294
12000000,7900000
45000000,7916887
12000000,7919574
6900000,7950889
20000000,8000000
5000000,8000000
13000000,8005586
70000000,8005980
20000000,8008161
50000000,8017467
24000000,8031955
18000000,8038061
20000000,8047525
35000000,8050977
19400000,8060487
13000000,8064972
20000000,8110975
10000000,8112414
25000000,8114270
15000000,8117637
19000000,8123860
20000000,8135024
28000000,8165213
13000000,8178001
12000000,8195551
90000000,8224288
50000000,8267544
8000000,8279017
15000000,8322608
35000000,8323085
20000000,8330720
50000000,8355815
7000000,8373585
15000000,8378141
16000000,8400000
19000000,8402485
45000000,8406711
33000000,8408835
24000000,8427204
28000000,8434601
5000000,8460000
70000000,8462347
10000000,8525600
30000000,8535575
25000000,8547045
30000000,8574339
20000000,8580428
15000000,8586376
6000000,8596914
17000000,8677425
27000000,8712564
15000000,8735529
50000000,8742261
10000000,8801940
10000000,8803865
20000000,8813410
7000000,8824553
10000000,8840453
8000000,8864699
15000000,8874389
5000000,8886160
20000000,8888355
28000000,8891623
15000000,8921050
12500000,9046156
30000000,9055010
20000000,9109322
11000000,9170214
7000000,9176000
15000000,9176787
7000000,9176933
11000000,9177065
6000000,9204489
6200000,9205924
20000000,9208876
7000000,9228788
15000000,9237470
5500000,9282750
25000000,9286314
30000000,9362785
15000000,9396870
10000000,9408183
14000000,9409538
60000000,9420546
21000000,9451946
20000000,9479390
55000000,9489829
20000000,9496130
20000000,9534258
15000000,9579068
5000000,9628751
40000000,9652000
24000000,9659074
5000000,9669521
5100000,9709597
20000000,9725847
27500000,9736045
37500000,9793406
50000000,9812870
22000000,9818792
15000000,9929135
10000000,9949470
17000000,10000000
65000000,10014234
92000000,10017322
10000000,10019109
13000000,10020081
6000000,10021175
25000000,10039566
19000000,10049886
12000000,10051659
25000000,10103647
25000000,10115014
7800000,10130108
8000000,10130219
10100000,10143618
30000000,10143779
35000000,10144010
6500000,10155691
9000000,10161099
35000000,10161183
10000000,10162034
60000000,10166502
5000000,10166820
50000000,10169202
12000000,10198766
7000000,10199354
10000000,10205616
11000000,10214647
35000000,10219501
38000000,10229300
8000000,10273187
35000000,10275638
7500000,10284523
15500000,10299782
35000000,10319915
25000000,10324441
40000000,10330853
27000000,10341093
50000000,10359006
65000000,10378555
14000000,10397365
15000000,10411980
5000000,10429707
40000000,10447421
7500000,10465659
15000000,10494147
18000000,10501938
35000000,10508518
15000000,10513979
47000000,10547117
20000000,10555348
50000000,10561038
20000000,10570375
10000000,10571408
5000000,10572742
27000000,10618813
23000000,10660147
22500000,10663357
40000000,10664749
34000000,10672566
18500000,10680275
20000000,10686841
22000000,10696210
25000000,10719367
50000000,10721033
12600000,10724389
12500000,10725228
25000000,10731997
5000000,10751126
15000000,10763469
45000000,10763520
7000000,10803211
7500000,10823158
10000000,10827813
30000000,10895295
28000000,10907291
25000000,10915744
30000000,10965209
32000000,10977721
5000000,11000000
5000000,11000000
35000000,11001272
13000000,11003643
33000000,11008770
20000000,11036366
12000000,11050094
10500000,11052958
25000000,11092559
25000000,11100000
5500000,11107431
15000000,11156471
20000000,11175164
45000000,11203026
17000000,11227824
14000000,11242801
34000000,11263966
25000000,11273517
22000000,11330849
12000000,11368012
35000000,11405825
25000000,11411644
12000000,11487676
6000000,11494838
50000000,11497497
11000000,11502976
23000000,11511323
55000000,11532774
25000000,11538204
16000000,11540112
10000000,11546543
10000000,11560259
30000000,11578022
25000000,11603545
15000000,11614954
12000000,11634362
17000000,11634458
6000000,11642254
15000000,11660180
5000000,11686940
28000000,11689053
20000000,11744960
10000000,11748661
6000000,11784569
60000000,11803254
16000000,11810854
9000000,11862398
16500000,11892415
6000000,11911200
22000000,11962712
12500000,11965282
35000000,11989328
21600000,12000000
10000000,12008642
30000000,12017369
5700000,12044087
30000000,12050299
5000000,12062558
60000000,12069719
40000000,12082391
20000000,12134935
23000000,12189514
12000000,12200000
15000000,12212417
25000000,12227722
9000000,12232382
5000000,12232628
20000000,12234694
5000000,12241072
26000000,12279691
12500000,12281000
14000000,12314651
24000000,12372410
6500000,12376563
9500000,12391761
20000000,12398628
30000000,12406646
16000000,12431792
31000000,12482741
20000000,12482775
6000000,12500000
25000000,12512862
36000000,12532777
20000000,12545979
10000000,12554569
14000000,12559771
7500000,12574914
10000000,12589255
5000000,12592907
60000000,12600231
7200000,12610552
7000000,12634962
25000000,12638526
20000000,12639297
15000000,12669914
8000000,12671300
34000000,12695691
11800000,12711491
30000000,12712093
6000000,12716953
13000000,12749992
22000000,12784713
15000000,12786053
6000000,12793213
39000000,12796824
12000000,12796861
15000000,12801190
23000000,12803305
49000000,12816367
27000000,12834849
17000000,12840842
55000000,12882934
15000000,12898847
9400000,12899867
12000000,12905901
5000000,12947763
5000000,12961389
15000000,12981269
20000000,12987647
30000000,13001257
16500000,13005485
23000000,13019253
14000000,13024170
25000000,13038660
36000000,13052741
9000000,13075390
15000000,13077184
60000000,13090630
5000000,13099931
45000000,13109815
11000000,13110448
14000000,13121555
10800000,13182281
40000000,13208023
6000000,13235267
11000000,13248209
27000000,13261851
35000000,13264986
35000000,13305665
15000000,13337299
20000000,13367624
6500000,13368437
18000000,13371528
20000000,13383747
40000000,13395939
20000000,13395961
18000000,13400000
45000000,13414714
5000000,13442412
18000000,13491653
40000000,13508635
5000000,13542874
20000000,13548322
22000000,13555988
11000000,13558739
15600000,13571817
11000000,13592872
70000000,13596911
8500000,13610521
5000000,13649881
20000000,13651946
25000000,13657115
45000000,13668249
19000000,13680000
20000000,13684249
10000000,13684949
26000000,13738574
10000000,13744960
18000000,13747234
22000000,13749300
13000000,13756082
65000000,13757804
14000000,13800000
20000000,13801755
15000000,13843771
27000000,13848978
16000000,13854000
11000000,13906394
16000000,13922211
25000000,13938332
32000000,13942007
9000000,13960394
25000000,13973532
5000000,13985117
12000000,14010363
75000000,14010690
20000000,14011084
8000000,14018296
40000000,14018364
16000000,14019924
7000000,14026509
40000000,14046595
12500000,14060950
25000000,14102929
16000000,14108518
9500000,14114000
5000000,14124286
20000000,14190901
30000000,14208384
60000000,14218868
7000000,14231669
15000000,14249005
22000000,14252830
50000000,14271297
40000000,14279575
70000000,14294842
12000000,14301505
20000000,14326865
30000000,14334645
5000000,14343976
40000000,14358033
20000000,14363397
8600000,14373825
40000000,14375181
36000000,14378353
13000000,14394097
14000000,14395874
9000000,14431633
27000000,14435076
28000000,14439985
40000000,14448589
26000000,14469428
35000000,14471440
10000000,14482031
25000000,14543943
6000000,14545844
25000000,14589444
10000000,14597405
5000000,14600000
7000000,14618727
75000000,14623082
13000000,14677674
31500000,14708696
25000000,14744435
16000000,14792779
18000000,14800725
43000000,14828555
6000000,14836174
5000000,14843425
7000000,14853474
6000000,14856291
12000000,14915773
40000000,14942422
8500000,14943582
15000000,14945541
40000000,14967182
47000000,14970038
25000000,14983572
15000000,14998027
35000000,14998070
5000000,15000000
30000000,15007991
13500000,15024049
8500000,15024232
8000000,15032800
25000000,15051977
20000000,15055091
14000000,15064948
8000000,15070285
80000000,15074191
34000000,15090399
10000000,15122676
5000000,15126948
80000000,15132763
15000000,15136870
18000000,15160801
10000000,15164492
14000000,15171475
35000000,15185241
10000000,15198912
18000000,15285588
45000000,15298133
12000000,15323921
35000000,15325127
25000000,15331289
25000000,15382170
10000000,15417771
16000000,15427192
47500000,15436808
20000000,15464026
20000000,15473333
25000000,15502112
14000000,15515460
45000000,15527125
45000000,15541549
20000000,15543862
14000000,15549702
25000000,15567860
15000000,15634090
18000000,15652637
17000000,15680099
5500000,15700000
20000000,15712072
22000000,15716828
23000000,15728335
62000000,15738632
30000000,15740721
23000000,15789389
20000000,15800078
7000000,15821461
47000000,15849032
10000000,15861566
13500000,15901849
19000000,15911332
100000000,15951040
40000000,15962471
20000000,15988876
29000000,16007718
26000000,16008272
5000000,16017403
22000000,16029670
10000000,16033556
9800000,16044025
25000000,16118077
23000000,16123851
18000000,16131410
10000000,16153000
8000000,16170632
16000000,16204793
55000000,16222392
9000000,16235738
37500000,16247159
20000000,16248701
55000000,16285240
21000000,16289867
30000000,16295774
14000000,16298046
24000000,16304786
12000000,16311571
17000000,16316273
30000000,16323969
16000000,16357770
25000000,16468499
15000000,16500786
26000000,16521410
10000000,16535005
20000000,16574590
50000000,16581575
32000000,16640210
25000000,16655224
10000000,16667084
21500000,16684352
18000000,16703799
8000000,16734283
13000000,16757163
28000000,16779636
59000000,16790790
45000000,16809014
35000000,16862585
6500000,16875273
20000000,16883115
13000000,16929123
29000000,16930185
30000000,16930884
9000000,16963963
25000000,16973715
24000000,16980098
20000000,16988996
38000000,16991902
38000000,16999934
30000000,17010170
29000000,17016190
15000000,17017811
100000000,17018422
7000000,17044981
18000000,17062499
20000000,17104669
10000000,17105219
33000000,17142080
50000000,17181265
30000000,17192205
18000000,17200925
65000000,17218916
45000000,17220599
20000000,17231291
15000000,17237855
7000000,17259427
18000000,17266359
30000000,17266505
32500000,17288155
12000000,17292381
60000000,17303424
12000000,17321573
28000000,17326650
38000000,17378193
10000000,17380866
5000000,17390770
8000000,17394881
25000000,17432844
20000000,17445186
20000000,17468887
80000000,17480890
15000000,17498804
25000000,17501244
7000000,17506470
15000000,17507368
27500000,17510118
20000000,17530219
10000000,17536256
7500000,17544812
5000000,17547999
8000000,17550872
6000000,17583468
6000000,17606684
35000000,17616641
35000000,17630465
80000000,17650704
12000000,17654912
10000000,17657973
5000000,17686929
25000000,17718223
95000000,17725785
13000000,17742948
21000000,17760244
30000000,17766658
5000000,17768757
25000000,17791031
30000000,17800004
9000000,17804273
32000000,17804299
20000000,17807569
32000000,17839115
8000000,17843379
32000000,17848322
22000000,17951431
13000000,18007317
8000000,18090181
20000000,18098433
67000000,18115927
60000000,18208078
70000000,18211013
9000000,18225165
20000000,18253415
10000000,18272447
10000000,18297124
30000000,18298649
35000000,18306166
35000000,18317151
80000000,18319860
30000000,18324242
18000000,18335230
38000000,18340051
20000000,18354356
11000000,18388357
20000000,18400000
40000000,18450127
18500000,18451251
30000000,18522064
10700000,18542974
32000000,18552460
55000000,18582965
12000000,18597342
25000000,18600152
42000000,18620000
6000000,18621249
29000000,18622031
7000000,18642318
23000000,18653615
38000000,18653746
5000000,18656400
16500000,18663911
13000000,18704596
12000000,18761993
50000000,18782227
20000000,18826490
15000000,18844784
8000000,18848430
70000000,18848538
25000000,18877153
20000000,18882880
6000000,18923776
23000000,18942396
30000000,18985794
70000000,18990542
12000000,19000000
40000000,19019882
5000000,19032000
30000000,19035741
16000000,19068240
65000000,19075290
70000000,19076815
5000000,19115191
15000000,19161999
72000000,19176754
17500000,19185184
23000000,19192510
20000000,19219250
16000000,19284974
22000000,19288130
35000000,19294901
30000000,19316646
22000000,19351569
25000000,19375982
35000000,19389454
45000000,19398532
5000000,19421271
80000000,19422319
5000000,19438638
50000000,19452138
35000000,19478106
80000000,19480739
42000000,19487173
25000000,19490041
22000000,19528602
65000000,19551067
9300000,19571091
14000000,19637147
20000000,19661987
80000000,19676965
17000000,19693891
50000000,19694635
50000000,19699706
35000000,19701164
45000000,19719930
18000000,19739000
20000000,19762690
60000000,19806188
10000000,19843795
70000000,19870567
7000000,19910002
11000000,20000000
8500000,20007149
9000000,20035310
8000000,20036244
30000000,20040895
25530000,20080020
45000000,20133326
45000000,20150241
40000000,20157300
22000000,20158492
20000000,20180155
20000000,20211394
15000000,20218921
14000000,20255281
7000000,20257000
20500000,20264436
20000000,20268825
35000000,20275446
40000000,20278055
19000000,20300218
10000000,20342161
10000000,20342852
40000000,20350754
90000000,20377913
10000000,20384136
11000000,20388920
28000000,20396829
6000000,20400000
45000000,20404841
30000000,20422207
49000000,20423389
18000000,20497844
50000000,20534907
16000000,20537137
15000000,20591853
5000000,20659423
22000000,20668843
18975000,20700082
5000000,20733485
22000000,20738724
10000000,20766000
5000000,20773069
10000000,20777061
15000000,20804166
50000000,20810036
42000000,20844907
30000000,20868638
20000000,20919166
80000000,20950820
12500000,20959585
35000000,20982478
7000000,21000000
15000000,21000147
40000000,21002919
75000000,21009180
37000000,21052030
12500000,21078145
12000000,21089146
10000000,21120616
30000000,21128796
12000000,21133087
30000000,21148651
17000000,21170563
11000000,21171695
40000000,21176322
35000000,21198205
40000000,21218403
5000000,21222315
55000000,21226204
20000000,21284514
90000000,21295021
27000000,21300000
50000000,21302340
6000000,21305259
150000000,21392758
15000000,21403519
20000000,21413105
10000000,21416355
34800000,21443494
15000000,21468807
80000000,21471685
19000000,21488481
27000000,21500000
5000000,21502690
12000000,21540363
20000000,21541218
25000000,21567853
8500000,21569509
9000000,21571189
50000000,21587519
10000000,21590086
50000000,21596445
8000000,21706101
21000000,21731001
16000000,21799652
30000000,21800302
32500000,21819348
25000000,21835784
30000000,21858070
50000000,21903748
23000000,21973182
5000000,21995263
24000000,22000000
45000000,22006296
25000000,22032635
20000000,22105643
41000000,22108977
10600000,22163442
6000000,22168359
15000000,22189039
5900000,22231658
13000000,22235901
21000000,22245070
21500000,22331846
12000000,22348241
40000000,22365133
7400000,22395806
22000000,22400154
92000000,22406362
40000000,22433915
37000000,22450975
18000000,22455510
35000000,22467450
25000000,22486409
27000000,22495466
18500000,22498520
60000000,22508689
30000000,22530295
45000000,22532572
32000000,22537881
8000000,22549338
29000000,22619589
60000000,22672813
12000000,22673340
44000000,22730924
17000000,22734486
12000000,22744718
75000000,22751979
38000000,22770864
40000000,22772500
8000000,22800000
53000000,22852487
13000000,22858926
35000000,22913677
12000000,22921898
45000000,22951340
15000000,22954968
11000000,22958583
18000000,22965110
20000000,22991379
52000000,23010607
100000000,23022309
5000000,23047939
35000000,23083334
20000000,23086480
15000000,23089926
25000000,23091010
50000000,23159305
80000000,23169033
20000000,23186769
30000000,23209310
16000000,23216709
24000000,23240020
7000000,23247539
30000000,23337196
6000000,23341568
36000000,23360779
20000000,23364784
35000000,23365858
18000000,23380203
60000000,23385416
20000000,23438250
35000000,23483357
26000000,23514247
17500000,23519128
22000000,23530831
10000000,23591043
25000000,23591432
16000000,23618786
11000000,23978402
30000000,23998226
110000000,24004159
30000000,24004833
50000000,24006726
18000000,24007324
38000000,24044532
25000000,24046682
52000000,24077427
6500000,24103594
35000000,24139805
5000000,24148068
21000000,24149393
42000000,24149632
40000000,24172899
31000000,24185781
28000000,24307106
45000000,24343673
42000000,24375436
25000000,24381334
10000000,24397469
65000000,24409722
21500000,24419219
43000000,24430272
5000000,24431472
68000000,24449754
8000000,24474312
5500000,24477704
43000000,24537621
9000000,24538513
7000000,24567751
20000000,24622687
17000000,24719879
15000000,24769466
7500000,24793509
7000000,24801212
5000000,24814830
40000000,24827228
21000000,24850922
18000000,24911670
7000000,25000000
24000000,25003155
14000000,25011000
15000000,25018119
100000000,25020758
25000000,25023424
53000000,25031037
63000000,25052000
6000000,25059640
35000000,25078937
20000000,25107267
70000000,25124986
40000000,25126214
70000000,25135965
24000000,25170054
50000000,25195050
45000000,25200412
6000000,25244700
35000000,25266129
40000000,25288103
21000000,25296447
12000000,25317379
12000000,25326071
10000000,25358996
50000000,25426861
13000000,25440971
50000000,25450527
60000000,25473093
14000000,25482931
39000000,25514517
57000000,25528495
7000000,25532388
25100000,25534493
5000000,25544867
23000000,25568251
14000000,25571351
40000000,25584504
20000000,25584685
25000000,25590119
13000000,25593755
13000000,25682380
10000000,25697647
20000000,25702053
20000000,25728961
25000000,25794018
5000000,25801570
22000000,25842377
55000000,25857987
12000000,25885000
35000000,25888412
19000000,25918920
8000000,25928550
48000000,25928721
76000000,26000610
6000000,26004026
20000000,26004851
5000000,26010864
28000000,26017685
7000000,26024456
8000000,26068955
8000000,26124872
15000000,26167002
50000000,26199517
30000000,26214846
10000000,26218170
6000000,26238243
18000000,26302731
18000000,26400000
95000000,26410477
15000000,26410771
42000000,26414527
20000000,26418667
15000000,26421314
50000000,26461644
60000000,26483452
36000000,26500000
30000000,26528684
7000000,26533200
13000000,26570048
12500000,26593646
10000000,26594261
50000000,26599248
35000000,26613620
50000000,26623701
35000000,26638520
60000000,26673242
30000000,26692846
26000000,26766213
20000000,26792700
40000000,26814957
18000000,26828365
18000000,26839498
40000000,26844692
54000000,26850426
60000000,26873932
20000000,26890041
65000000,26900336
16000000,26902075
13000000,26904572
20000000,26910736
17000000,26918576
18000000,26936265
38000000,26947624
12000000,27007844
15000000,27020284
40000000,27053815
13000000,27066941
16000000,27087695
50000000,27100030
35000000,27107960
102000000,27108272
13000000,27151490
17000000,27163593
27500000,27187653
20000000,27277055
12000000,27281507
5000000,27288872
5000000,27298285
23000000,27338033
8000000,27362712
80000000,27367660
29000000,27383770
15000000,27441122
45000000,27447471
14000000,27450453
6000000,27457409
17000000,27462793
70000000,27569558
50000000,27669725
40000000,27682712
11000000,27693292
5000000,27695246
10000000,27740955
19000000,27758465
29000000,27778642
25000000,27793018
72000000,27796042
12000000,27838408
17000000,27865571
13000000,27979399
45000000,28013509
65000000,28045540
9000000,28051045
15000000,28084357
35000000,28087155
45000000,28142535
30000000,28165882
5000000,28200000
70000000,28212337
25000000,28241469
35000000,28317513
57000000,28328132
40000000,28370522
60000000,28426747
12500000,28436931
10000000,28444855
40000000,28544120
26000000,28544157
28000000,28563179
10000000,28564995
15000000,28638916
50000000,28644813
85000000,28681080
35000000,28687835
30000000,28700285
16000000,28734552
7000000,28750530
30000000,28780744
100000000,28782481
28000000,28795985
25000000,28842237
50000000,28848693
24000000,28871190
10000000,28873374
33000000,28946615
68000000,28965197
13000000,28972187
20000000,29062561
40000000,29077547
16000000,29090445
42500000,29121498
60000000,29136626
15000000,29145924
35000000,29197642
8500000,29200000
10000000,29317886
15000000,29331068
25000000,29342592
40000000,29374178
8000000,29499394
10000000,29500000
18000000,29511112
25000000,29548291
58000000,29580087
23000000,29719483
10000000,29747603
68000000,29762011
47000000,29781453
10000000,29790236
20000000,29795299
40000000,29807260
24000000,29823162
14000000,29959436
15000000,30000000
12000000,30000000
8250000,30000000
11000000,30014534
10000000,30050028
22000000,30059386
20000000,30060660
60000000,30063805
22000000,30080225
25000000,30082699
10000000,30093107
20000000,30101577
37000000,30105968
20000000,30113491
15000000,30127963
70000000,30157016
40000000,30199105
75000000,30207785
120000000,30212620
15000000,30226144
58000000,30234022
15000000,30259652
18000000,30272254
50000000,30306268
10000000,30306281
35000000,30307804
40000000,30316271
17000000,30331165
35000000,30353973
39000000,30356589
8500000,30376755
25000000,30542576
10000000,30564825
42000000,30568743
30000000,30569935
30000000,30577122
14000000,30628981
10000000,30651422
22000000,30659817
35000000,30691439
60000000,30695227
28000000,30697999
21000000,30718107
99000000,30824628
15000000,30857000
27500000,30932113
40000000,30981850
10000000,31011616
40000000,31011732
36000000,31016021
55000000,31051126
64000000,31054924
55000000,31090320
85000000,31111260
140000000,31153464
12000000,31155435
60000000,31165421
20000000,31177548
12000000,31203964
44000000,31206263
58000000,31373938
28000000,31390587
12000000,31418697
35000000,31445011
24000000,31457946
10000000,31487293
32000000,31493782
7000000,31501218
25000000,31526393
18000000,31567134
49000000,31569268
12000000,31597131
35000000,31598308
85000000,31611316
6900000,31611916
25000000,31664162
11000000,31672000
20000000,31678778
12000000,31691811
19000000,31713110
40000000,31715062
15000000,31726995
30000000,31749894
27000000,31770413
38000000,31811527
40000000,31835600
20000000,31841299
40000000,31847881
60000000,31853584
50000000,31874869
40000000,31886361
6500000,31899000
12000000,32000304
45000000,32003620
20000000,32010860
47000000,32011576
34000000,32014993
20000000,32015787
20000000,32051917
35000000,32064800
10000000,32100816
138000000,32116746
60000000,32122249
137000000,32131830
60000000,32138862
10000000,32149404
30000000,32172757
25000000,32187017
8500000,32222567
62000000,32235793
7000000,32241649
30000000,32267774
7500000,32281907
30000000,32363404
30000000,32367005
8500000,32381218
25000000,32404188
7500000,32425665
24000000,32428195
5000000,32462372
25000000,32492859
35000000,32519322
60000000,32522352
7000000,32539681
5600000,32543449
65000000,32598931
72000000,32616869
15000000,32647042
28000000,32656328
24000000,32662299
125000000,32698899
55000000,32732301
50000000,32746941
15000000,32752215
20000000,32774834
40000000,32862104
35000000,32868349
80000000,32908290
60000000,32983332
10000000,33000000
28000000,33000377
32000000,33022286
40000000,33035397
37000000,33047633
10000000,33078266
85000000,33080084
50000000,33109743
26000000,33200000
10350000,33201661
24000000,33208099
9000000,33244684
10000000,33253609
25000000,33302167
11000000,33307793
22000000,33316821
16000000,33357476
125000000,33370166
15000000,33392973
5800000,33395426
18000000,33404871
35000000,33422806
35000000,33423000
20000000,33446470
65000000,33447612
55000000,33479698
40000000,33508922
70000000,33561137
25500000,33579798
53000000,33602376
130000000,33618855
50000000,33644788
33000000,33664370
10000000,33679655
25000000,33680992
68000000,33685268
100000000,33700160
15000000,33771174
55000000,33832741
15000000,33862903
40000000,33864342
25000000,33889159
60000000,33956608
35000000,33987757
30000000,34017028
33000000,34020814
8500000,34030343
7000000,34099640
9000000,34102780
55000000,34105207
10000000,34121140
32000000,34175000
32500000,34194407
55000000,34234008
20000000,34296320
155000000,34297191
20000000,34302837
15000000,34308901
20000000,34341945
75000000,34343574
55000000,34353000
20000000,34366518
15000000,34366783
35000000,34393507
40000000,34416893
5000000,34469210
35000000,34531832
82000000,34543701
15000000,34562222
80000000,34566746
35000000,34580201
52000000,34580635
75000000,34636443
50000000,34645374
25000000,34657731
42000000,34667015
85000000,34687912
14000000,34700000
14000000,34729091
30000000,34742066
5000000,34872033
8000000,34873513
38000000,34912982
15000000,35007180
8000000,35016118
25000000,35017297
14000000,35025791
15000000,35060689
20000000,35061031
10000000,35073978
33000000,35074677
150000000,35088320
51000000,35093569
9000000,35144505
8500000,35161554
90000000,35168966
50000000,35188640
32000000,35193167
42000000,35228696
58000000,35231365
30000000,35266619
39000000,35287788
68000000,35324232
60000000,35327628
16000000,35374833
8000000,35388976
7000000,35400000
25000000,35418723
20000000,35450113
100000000,35497337
76000000,35552383
11500000,35593113
20000000,35606376
30000000,35608245
25000000,35623801
45000000,35627222
17000000,35662731
55000000,35739802
60000000,35763137
5500000,35811509
120000000,35818913
10000000,35819556
20000000,35841901
51000000,35851379
14000000,35856053
15000000,35893537
30000000,35927406
25000000,35990505
10000000,36000000
5000000,36000000
22000000,36020063
40000000,36037909
9000000,36049108
80000000,36076121
35000000,36108758
10000000,36230219
63000000,36249674
50000000,36261763
30000000,36276286
60000000,36280697
32000000,36299670
65000000,36316032
40000000,36343858
25000000,36351350
75000000,36392502
52000000,36400491
40000000,36443442
25000000,36447959
21000000,36605602
20000000,36661504
40000000,36665854
10000000,36696761
70000000,36793804
35000000,36805288
25000000,36833473
19000000,36843682
60000000,36850101
20000000,36880033
45000000,36895141
30000000,36918811
57500000,36931089
26000000,36985501
60000000,37017955
65000000,37030102
43000000,37035515
29000000,37036404
28000000,37053924
73000000,37068294
40000000,37134215
12000000,37188667
52000000,37243418
7000000,37295394
16000000,37300107
35000000,37306030
75000000,37361412
80000000,37384046
26000000,37397291
12000000,37400000
10000000,37402877
40000000,37412945
20000000,37442180
34000000,37446117
50000000,37485528
35000000,37490007
60000000,37491364
15000000,37495385
67500000,37519139
20000000,37537675
35000000,37553932
48000000,37562568
35000000,37629831
16000000,37634615
42000000,37662162
17000000,37667746
20000000,37672944
12000000,37709979
21000000,37729698
25000000,37738810
40000000,37752931
70000000,37760080
80000000,37771017
11000000,37780486
35200000,37788228
10000000,37800000
48000000,37879996
15000000,37880356
15000000,37882551
80000000,37899638
10000000,37904175
32000000,37915414
17000000,37939782
70000000,37945884
85000000,37948765
6400000,38019031
10000000,38052832
40000000,38087756
12000000,38108728
14000000,38116707
22700000,38119483
100000000,38120554
30000000,38122000
50000000,38122883
13000000,38177966
40000000,38180928
25000000,38230435
30000000,38233676
20000000,38264085
80000000,38311134
11000000,38322743
175000000,38362475
28000000,38372662
45000000,38399961
30000000,38413606
30000000,38432823
70000000,38518613
27000000,38536376
40000000,38543473
55000000,38564422
80000000,38577772
20000000,38583626
50000000,38590458
10000000,38623460
70000000,38634938
11000000,38665260
30000000,38747385
13000000,38934842
12000000,39012241
65000000,39017984
35000000,39046489
25000000,39053061
10000000,39100000
15000000,39100956
19000000,39123589
20000000,39143839
175000000,39175066
38000000,39177215
50000000,39177684
23000000,39235088
75000000,39251128
20000000,39263506
15700000,39282227
100000000,39322544
28000000,39360491
11000000,39387284
67500000,39394666
25000000,39402572
55000000,39440655
80000000,39442871
8500000,39471742
16000000,39517763
30000000,39568996
12000000,39673162
24000000,39687694
35000000,39692139
20000000,39739367
50000000,39778599
6000000,39846344
16500000,39868642
24000000,40020622
85000000,40048332
8000000,40066497
60000000,40081410
106000000,40098064
25000000,40108697
30000000,40118420
35000000,40119709
7000000,40157856
26000000,40168080
100000000,40202379
50000000,40203020
25000000,40222514
21000000,40222729
30000000,40259119
22000000,40270895
15000000,40283321
38000000,40334024
16000000,40363530
40000000,40412817
30000000,40435190
180000000,40479370
10000000,40485039
110000000,40563557
60000000,40572825
35000000,40689393
27000000,40803000
10000000,40826341
19000000,40846082
20000000,40847995
115000000,40914068
70000000,40934175
23000000,40962534
15000000,41003371
27000000,41012075
18000000,41059716
25000000,41076865
50000000,41083108
37500000,41152203
11000000,41227069
50000000,41263140
42000000,41267469
18000000,41300105
18000000,41382841
6900000,41410568
50000000,41476097
75000000,41523271
42000000,41543207
20000000,41596251
55000000,41610884
25000000,41675994
17000000,41778863
40000000,41797066
24000000,41798224
78000000,41814863
5000000,41833347
19000000,41867960
61000000,41952715
35000000,41954997
20000000,41975388
6000000,42000000
36000000,42024533
38000000,42025135
75000000,42044321
17000000,42065185
30000000,42070939
40000000,42071069
30000000,42073277
30000000,42100625
60000000,42194060
25000000,42222647
21000000,42273609
75000000,42285169
18000000,42340598
65000000,42345531
30000000,42400223
40000000,42402632
27500000,42436517
52000000,42438300
18000000,42469946
6500000,42488161
50000000,42586861
40000000,42587643
30000000,42629776
30000000,42647449
20000000,42656255
16000000,42670410
39000000,42674040
40000000,42720965
15000000,42725475
15000000,42734455
21000000,42739347
47500000,42754105
112000000,42779261
5000000,42872467
90000000,42885593
15000000,42930462
16500000,42993774
70000000,42996140
8000000,43000000
50000000,43034523
25000000,43035725
30000000,43037835
15000000,43057470
60000000,43061982
32000000,43095856
9500000,43100000
28000000,43107979
24000000,43218387
59000000,43242871
60000000,43254409
60000000,43313890
60000000,43337279
65000000,43482270
7500000,43492389
65000000,43545364
20000000,43549096
66000000,43568507
85000000,43585753
18000000,43601508
75000000,43632458
6000000,43700000
30000000,43746923
5000000,43787265
35000000,43799818
7200000,43800000
16500000,43848100
18000000,43853424
18000000,43869350
35000000,43894863
49000000,43905746
120000000,43945766
25000000,43984987
19000000,44017374
10000000,44069456
27000000,44089964
95000000,44114232
13000000,44137712
40000000,44212592
30000000,44338224
27000000,44342956
5000000,44467206
25000000,44480039
17000000,44480275
85000000,44650003
16000000,44667095
58000000,44672764
50000000,44705766
13000000,44726644
50000000,44737059
5000000,44793222
65000000,44806783
28000000,44853581
37000000,44875481
85000000,44898413
15000000,44906632
45000000,44922302
60000000,44936545
25000000,44942821
30000000,44947622
40000000,44948240
31000000,44983704
30000000,45015999
24000000,45018541
60000000,45020282
20000000,45055776
68000000,45060734
8000000,45064915
25000000,45090374
150000000,45157105
28000000,45172250
53000000,45207112
100000000,45216793
42000000,45290318
5000000,45373120
75000000,45445109
26000000,45489752
26000000,45506619
16000000,45512466
20000000,45542421
80000000,45575336
17000000,45710178
7000000,45729221
21000000,45785720
35000000,45802315
35000000,45819713
42000000,45852178
30000000,45892212
40000000,45916769
60000000,46000903
33000000,46009673
40000000,46012734
56000000,46213824
45000000,46290741
47000000,46293855
9400000,46300000
14500000,46338728
10000000,46383639
85000000,46462469
11000000,46566212
35000000,46697321
13000000,46729374
25000000,46743809
20000000,46752382
14000000,46800000
45000000,46815000
6000000,46840590
37000000,46843513
60000000,46850558
69000000,46874505
30000000,46889293
26000000,46896664
50000000,46982632
60000000,47003582
40000000,47047013
75000000,47059963
48000000,47095453
50000000,47119388
14000000,47212904
160000000,47225655
25000000,47279279
20000000,47319572
45000000,47323100
75000000,47379090
110000000,47398413
35000000,47425125
72500000,47467250
179000000,47482519
25000000,47545060
90000000,47546796
10000000,47566524
50000000,47602194
85000000,47641743
8500000,47695371
60000000,47795018
15000000,47811275
60000000,47836282
20000000,47852604
15000000,47860214
20000000,47901582
40000000,47907715
40000000,47958031
115000000,48003015
37000000,48006762
55000000,48023088
28000000,48071303
12300000,48092846
110000000,48097081
45000000,48114556
50000000,48169156
35000000,48169910
25000000,48237389
50000000,48265581
58000000,48318130
100000000,48417850
20000000,48430258
70000000,48475290
60000000,48478006
20000000,48548426
13000000,48637684
50000000,48751189
31000000,48791187
32000000,48795601
32000000,48814909
10000000,48958273
22000000,49008662
21500000,49033882
25000000,49042224
13000000,49121934
14000000,49130588
27500000,49200230
15000000,49275340
13000000,49369899
100000000,49438370
35000000,49492060
130000000,49554002
30000000,49772522
11000000,49793054
20000000,49823037
40000000,49851591
26000000,49875291
58000000,49876377
33500000,50000000
15000000,50000000
15000000,50003303
85000000,50016394
60000000,50024083
110000000,50026353
32000000,50041732
55000000,50047179
35000000,50065850
50000000,50068310
50000000,50151543
36000000,50159144
28000000,50255310
36000000,50269859
48000000,50315140
12000000,50316123
30000000,50327960
5500000,50406346
11000000,50474843
40000000,50572589
60000000,50577412
60000000,50586000
22000000,50621733
80000000,50632037
45000000,50648679
38000000,50699241
60000000,50701325
50000000,50740078
10000000,50752337
26000000,50800000
95000000,50802661
50000000,50824620
60000000,50837305
5000000,50856010
40000000,50866635
60000000,50877145
30000000,50980159
45000000,51019112
88000000,51024708
30000000,51041856
60000000,51045801
25000000,51100486
55000000,51178893
40000000,51185000
55000000,51225796
50000000,51342000
57000000,51364680
17500000,51386611
85000000,51396781
30000000,51432423
19000000,51438175
14000000,51545952
30000000,51573925
25000000,51580136
25000000,51676606
19000000,51733921
12000000,51739495
33000000,51758599
43000000,51768623
57000000,51774002
24000000,51802742
40000000,51853450
72500000,51855045
12800000,51872378
90000000,51877963
22000000,51970690
18000000,51973029
40000000,52000688
21000000,52037603
55000000,52075270
20000000,52076908
28000000,52131264
30000000,52210049
10000000,52218558
8000000,52287414
10000000,52293000
6000000,52302978
40000000,52330111
35000000,52333738
28000000,52353636
65000000,52397389
30000000,52421953
70000000,52474616
25000000,52543354
13200000,52543632
9000000,52597610
23000000,52614445
18000000,52698535
50000000,52752475
22000000,52767889
45000000,52842724
50000000,52853219
30000000,52880016
16000000,52894169
11000000,52929168
30000000,52990775
30000000,53032453
30000000,53059911
40000000,53089891
31000000,53208180
84000000,53262560
44000000,53300852
23000000,53302314
25000000,53345287
30000000,53359111
45000000,53359917
38000000,53374681
13000000,53424681
58000000,53458319
20000000,53548586
48000000,53606916
17000000,53652140
30000000,53695808
58000000,53715611
60000000,53789313
45000000,53854588
65000000,53862963
18000000,53883989
5000000,53900335
20000000,53976987
16000000,53977250
20000000,54030051
25000000,54098051
62000000,54117416
35000000,54149098
6500000,54215416
40000000,54228104
22000000,54235441
17000000,54239856
70000000,54243125
15000000,54333290
40000000,54445357
12000000,54513740
26000000,54544638
25000000,54607383
20000000,54611903
125000000,54647948
32000000,54712227
21000000,54724696
28000000,54730625
12000000,54731865
65000000,54760791
45000000,54767494
100000000,54768952
28000000,54800000
132900000,54858851
55000000,54927174
60000000,54956941
40000000,54979992
50000000,54997476
70000000,55011732
17000000,55041738
50000000,55100437
13000000,55121623
40000000,55143823
15000000,55204525
7303082,55334418
35000000,55340730
140000000,55483770
80000000,55485043
36000000,55500000
73000000,55591409
100000000,55675313
5000000,55683845
65000000,55691208
50000000,55703475
55000000,55750480
22000000,55762229
35000000,55802754
75000000,55849401
25000000,55973336
70000000,55991880
60000000,56003051
30000000,56068547
41000000,56083966
10000000,56094360
120000000,56117548
19000000,56127162
6500000,56190094
20000000,56245075
29000000,56330657
20000000,56398162
15000000,56441711
30000000,56443120
60000000,56451232
25000000,56505065
13700000,56598476
48000000,56607223
20000000,56671993
55000000,56679192
80000000,56684819
60000000,56709981
10800000,56746769
50000000,56758835
30000000,56816662
55000000,56932305
35000000,56968169
42000000,57000000
85000000,57010853
40000000,57012977
18000000,57027435
37000000,57139723
29000000,57141459
9500000,57176582
27000000,57229890
24000000,57262492
13000000,57300000
45000000,57362581
100000000,57377916
53000000,57386369
11500000,57469179
20000000,57598247
24000000,57682904
120000000,57712751
32000000,57744720
40000000,57806952
40000000,57887882
26000000,57891803
13000000,57924679
40000000,58009200
16500000,58011485
17500000,58017783
61000000,58032443
60000000,58060186
30000000,58156435
109000000,58183966
90000000,58220776
91000000,58236838
90000000,58250803
15000000,58269151
26000000,58331254
8000000,58401464
53000000,58403409
55000000,58422650
19000000,58571513
120000000,58607007
45000000,58617334
64000000,58636047
50000000,58640119
60000000,58697076
38000000,58709717
30000000,58715510
40000000,58855732
100000000,58867694
125000000,58877969
31000000,58884188
28000000,58990765
46000000,59003384
31000000,59076019
50000000,59157732
70000000,59281555
32000000,59450353
45000000,59472278
100000000,59475623
40000000,59588068
60000000,59623958
65000000,59650222
18000000,59689605
35000000,59699513
22000000,59700064
18000000,59735548
35000000,59843754
155000000,59874525
8000000,59891098
10500000,59936321
39000000,59950623
13000000,60008303
48000000,60022256
62000000,60022813
35000000,60054449
42000000,60054530
18000000,60060328
18000000,60062868
20000000,60095852
30000000,60110313
57500000,60128566
47000000,60240295
21000000,60311495
38000000,60323786
37000000,60355347
28000000,60400856
25000000,60457138
50000000,60470220
30000000,60494212
130000000,60522097
27000000,60527873
60000000,60592389
48000000,60652036
160000000,60674817
45000000,60786269
30000000,60857262
90000000,60874615
46000000,61002302
57000000,61007424
60000000,61123569
40000000,61153526
30000000,61255921
35000000,61280963
26000000,61308153
60000000,61322858
14000000,61356221
90000000,61363304
15000000,61400000
156000000,61433527
5500000,61558162
88000000,61649911
13000000,61705123
110000000,61737191
38000000,61894591
150000000,62189884
45000000,62318875
70000000,62321039
90000000,62362560
50200000,62495645
12000000,62500000
60000000,62524260
53000000,62575678
8000000,62599495
85000000,62615510
72000000,62647540
20000000,62950384
35000000,63075011
29000000,63077560
12000000,63118386
160000000,63150991
30000000,63172463
10000000,63257940
85000000,63280000
10000000,63300095
80000000,63313159
55000000,63408614
39000000,63414846
10000000,63465522
135000000,63478838
30000000,63536011
95000000,63570862
9000000,63600000
30000000,63658910
40000000,63686397
65000000,63803100
35000000,63826569
19500000,63859435
28000000,63914167
35000000,63939454
15000000,64003625
135000000,64006466
80000000,64038616
75000000,64062587
105000000,64063008
40000000,64167069
30000000,64172251
30000000,64251538
5000000,64282312
25000000,64321890
28000000,64378093
23000000,64460211
60000000,64506874
12000000,64575175
35000000,64604977
149000000,64665672
85000000,64935167
120000000,64956806
17000000,65001093
17000000,65002019
30000000,65005217
70000000,65011757
140000000,65014513
24000000,65028687
18000000,65070412
90000000,65075540
195000000,65187603
15000000,65192350
5000000,65206105
18500000,65233369
220000000,65233400
6500000,65281781
12000000,65328121
110000000,65452312
350000000,65473972
12000000,65532576
18000000,65535067
45000000,65598907
23000000,65647413
20000000,65653242
90000000,65653758
26000000,65705772
80000000,65948711
50000000,66010682
14500000,66013057
110000000,66184051
55000000,66207920
30000000,66380662
70000000,66432867
55000000,66458769
78000000,66465204
40000000,66477700
30000000,66486205
48000000,66488090
30000000,66502573
54000000,66520529
25000000,66528000
75000000,66661095
50000000,66711892
60000000,66723216
45000000,66790248
40000000,66808615
100000000,66889043
85000000,66941559
28000000,66954149
45000000,67061228
115000000,67163857
50000000,67172595
15000000,67182787
40000000,67209615
46000000,67263182
45000000,67264877
5000000,67268835
78000000,67286731
28000000,67300955
92000000,67349198
48000000,67363237
20000000,67383924
35000000,67544505
100000000,67631157
10000000,67745330
50000000,67823573
27500000,67900000
36000000,68208190
55000000,68224452
20000000,68261644
10000000,68353550
125000000,68420120
75000000,68473360
16000000,68525609
40000000,68549695
90000000,68559554
10000000,68566296
145000000,68671925
14000000,68856263
35000000,68915888
80000000,69117629
20000000,69148997
37000000,69179066
48000000,69304264
13000000,69488745
27000000,69586544
80000000,69610858
65000000,69688384
20500000,69701637
80000000,69772969
15000000,69847348
54000000,69951824
14000000,70001698
12000000,70012847
42000000,70052444
55000000,70098138
205000000,70107728
45000000,70141876
40000000,70165972
70000000,70187658
72500000,70231041
28000000,70259870
24000000,70269899
65000000,70278893
31000000,70300000
53012938,70327868
40000000,70405498
20000000,70433227
50000000,70511035
17000000,70525195
65000000,70645997
25000000,70662220
40000000,70836296
14600000,70906973
110000000,71017784
36000000,71026631
68000000,71069884
38000000,71091594
92500000,71195053
45000000,71277420
25000000,71309760
28000000,71399120
45000000,71423726
25000000,71500556
17000000,71502303
22000000,71516617
9000000,71562550
55000000,71565669
15000000,71628180
55000000,71724497
22500000,71985628
17000000,72000000
40000000,72013010
30250000,72021008
5000000,72082999
60000000,72091016
28000000,72110659
12000000,72217396
17000000,72250091
40000000,72266306
37000000,72286779
40000000,72313754
70000000,72679278
100000000,72688614
90000000,72708161
11000000,72778712
51000000,72779000
15000000,73000000
13000000,73013910
69000000,73026337
275000000,73058679
150000000,73103784
35000000,73178547
20000000,73206343
90000000,73209340
80000000,73215310
53000000,73357727
60000000,73648228
75000000,73661010
50000000,73701902
15000000,73839613
180000000,73864507
38000000,73921000
28000000,74058698
40000000,74103820
79000000,74158157
97000000,74262031
25000000,74273505
80000000,74339294
12000000,74433837
30000000,74494381
60000000,74541707
10700000,74706019
30000000,74787599
27000000,74888996
100000000,75030163
18000000,75072454
24000000,75155000
60000000,75286229
40000000,75305995
50000000,75367693
60000000,75383563
45000000,75395035
30000000,75468583
40000000,75505856
60000000,75530832
72000000,75545647
23600000,75590286
22000000,75600072
50000000,75605492
61000000,75612460
50000000,75624550
60000000,75658097
38000000,75671262
60000000,75764085
40000000,75764672
12000000,75781642
54000000,75802010
90000000,75817994
50000000,75941727
75000000,75976178
82500000,75986503
80000000,76118990
55000000,76223578
65000000,76233151
45000000,76261036
25000000,76270454
117000000,76423035
18000000,76471046
30000000,76501438
8000000,76657000
30000000,76808654
170000000,77042381
75000000,77073959
62000000,77086030
110000000,77222099
100000000,77233467
25000000,77267296
26000000,77324422
29000000,77339130
130000000,77591831
20000000,77698625
97000000,77730500
60000000,77906816
70000000,78031620
85000000,78046570
70000000,78120196
110000000,78550602
90000000,78616689
25000000,78656813
35000000,78716374
55000000,78750909
90000000,78765986
31500000,78800000
12000000,78912963
10000000,79042440
35000000,79091969
31000000,79096868
27000000,79249455
80000000,79366978
30000000,79576189
150000000,79727149
12000000,79817937
70000000,79883359
50000000,79957634
8200000,80000000
25000000,80014842
25000000,80048433
58000000,80069458
60000000,80070736
195000000,80101125
82500000,80172128
32000000,80197993
10000000,80238724
53000000,80270227
35000000,80277646
70000000,80281096
80000000,80360866
9000000,80500000
9000000,80571655
60000000,80574010
20000000,80818974
10700000,80930630
25000000,80936232
30000000,81001787
50000000,81022333
32000000,81150692
35000000,81159365
11000000,81204830
20000000,81261177
40000000,81292135
28000000,81350242
68000000,81476385
50000000,81526121
95000000,81562942
40000000,81612565
54000000,81676888
61000000,81697192
50000000,81903458
135000000,82051601
80000000,82226474
25000000,82234139
35000000,82258456
150000000,82280579
17000000,82390774
40000000,82522790
60000000,82571173
31000000,82582604
25000000,82622655
20000000,82624961
60000000,82670733
20000000,82674398
45000000,82931301
82500000,82985708
55000000,83015089
135000000,83028130
13900000,83043761
90000000,83107829
80000000,83240103
45000000,83287363
35000000,83299761
132000000,83350911
7000000,83482352
75000000,83504017
70000000,83552429
5000000,83586447
150000000,83670083
30000000,83823381
66000000,83898313
40000000,83911193
65000000,84049211
90000000,84052762
25000000,84136909
25000000,84185387
6500000,84273813
50000000,84351197
111000000,84410380
20000000,84525432
100000000,85028192
23000000,85080171
85000000,85105259
17000000,85160248
10000000,85300000
120000000,85364450
13500000,85400591
30000000,85416609
110000000,85463309
170000000,85710210
30000000,85744662
80000000,85817906
38000000,85846296
90000000,85886987
65000000,85911262
18000000,86047227
50000000,86089513
40000000,86208010
40000000,86260045
95000000,86907746
23000000,86930411
5000000,87025093
30000000,87044645
110000000,87242834
26000000,87341380
66000000,87707396
40000000,88055283
42000000,88073507
60000000,88200225
175000000,88246220
45000000,88625922
50000000,88634237
50000000,88715192
95000000,88768303
38000000,88915214
120000000,89107235
40000000,89138076
10000000,89217875
48000000,89256424
100000000,89296573
275000000,89302115
55000000,89706988
155000000,89760956
30000000,90135191
50000000,90282580
60000000,90380162
40000000,90411453
65000000,90454043
80000000,90463534
7000000,90463574
17500000,90508336
11000000,90559416
51000000,90570999
60000000,90580000
25000000,90639088
22000000,90648202
40000000,90710620
60000000,90757863
200000000,90759676
8000000,90815558
40000000,90862685
13000000,91038276
15000000,91125143
50000000,91137662
80000000,91188905
12000000,91386097
55000000,91387195
26000000,91457688
12000000,91547205
50000000,91742160
46000000,92027888
40000000,92029184
185000000,92054159
45000000,92115211
37000000,92186262
16000000,92823546
78000000,92955420
80000000,92993801
120000000,93050117
60000000,93354918
60000000,93375151
90000000,93432655
170000000,93436322
45000000,93466502
15000000,93589701
46000000,93607673
11000000,93617009
31000000,93772375
65000000,93828745
135000000,93926386
55000000,93932896
40000000,93953653
40000000,94125426
41000000,94483917
20000000,94514402
105000000,94784201
80000000,94835059
73243106,94999143
31000000,95020213
45000000,95149435
48000000,95308367
95000000,95347692
80000000,95632614
52500000,95720716
16400000,95860116
18000000,96493426
17000000,96522687
25000000,96898818
40000000,96962694
102500000,97104620
75000000,97387965
19000000,97670358
50000000,97690976
55000000,98711404
110000000,98780042
15000000,98800000
70000000,98927592
70000000,99112101
75000000,99215042
36000000,99967670
90000000,100012499
110000000,100014699
90000000,100018837
30000000,100125643
100000000,100138851
60000000,100170152
178000000,100206256
104000000,100234838
80000000,100246011
175000000,100289690
19000000,100292856
26000000,100317794
55000000,100328194
163000000,100368560
55000000,100407760
65000000,100458310
65000000,100468793
103000000,100478608
30000000,100492203
28000000,100494685
65000000,100539043
47000000,100546139
70000000,100614858
45000000,100768056
120000000,100814328
90000000,100920329
109000000,101018283
120000000,101028233
70000000,101068340
80000000,101117573
14400000,101157447
130000000,101200044
100000000,101295562
24000000,101363301
60000000,101413188
80000000,101440743
32000000,101470202
55000000,101530738
103300000,101643008
45000000,101704370
12000000,101800948
190000000,101802906
15000000,102003019
77000000,102084362
15000000,102092201
6000000,102272145
6000000,102308900
34000000,102427862
40000000,102470008
175000000,102491776
90000000,102515793
80000000,102543518
110000000,102608827
60000000,102705852
55000000,102826543
20000000,102922376
80000000,103028109
15000000,103046663
82000000,103068524
165000000,103144286
75000000,103365956
145000000,103412758
47000000,103738726
50000000,103804407
79000000,103860290
5000000,104028807
70000000,104029443
80000000,104054514
60000000,104148781
55000000,104354205
155000000,104386950
105000000,104400899
32000000,104636382
45000000,104897530
55000000,105263257
50000000,105264608
210000000,105487148
30000000,105489203
99000000,105806508
50000000,105807520
60000000,106126012
60000000,106429941
110000000,106580051
7500000,106593296
42000000,106793915
45000000,106807667
30000000,106885658
13000000,106954678
55000000,107136417
125000000,107325195
73000000,107509366
138000000,107509799
100000000,107518682
40000000,107533925
34000000,107825862
8000000,107928762
63000000,108085305
54000000,108185706
37500000,108235497
30000000,108244774
30000000,108360063
95000000,108638745
40000000,108766007
60000000,109205660
14000000,109306210
26000000,109449237
170000000,109712515
24000000,109713132
37000000,109767581
45000000,110000082
80000000,110101975
35000000,110212700
26000000,110222438
10000000,110359362
52000000,110485654
90000000,110515313
140000000,110550000
65000000,110825712
20000000,111035005
140000000,111110575
145000000,111506430
85000000,111549836
40000000,111760631
11000000,111897830
15000000,111936388
103000000,112200072
80000000,112276146
35000000,112692062
85000000,112735375
72000000,112950721
56000000,113006880
125000000,113203870
20000000,113257297
110000000,113330342
30000000,113502246
7000000,113721571
127000000,113746621
175000000,113805681
150000000,114053579
71682975,114197520
30000000,114326736
55000000,114434010
170000000,114723689
18000000,114968774
28000000,115108515
50000000,115234093
65000000,115637895
30000000,115646235
30000000,115654751
50000000,115715889
120000000,115802596
65000000,115821495
14000000,116000000
42000000,116089678
200000000,116601172
30000000,116632095
41000000,116724075
40000000,116735231
70000000,116877597
100000000,116900694
85000000,117144465
20000000,117229692
70000000,117323878
35000000,117538559
33000000,117559438
75000000,117723989
130000000,118311368
40000000,118450002
68000000,118471320
61000000,118594548
100000000,118627117
52000000,118703275
75000000,118871849
6000000,119114517
100000000,119219978
65000000,119394839
150000000,119436770
29000000,119519402
70000000,119654823
85000000,119725280
78000000,119793567
18000000,119920129
80000000,120146040
170000000,120150546
86000000,120277854
90000000,120620254
30000000,120709866
70000000,120774594
75000000,120776832
30000000,121248145
17500000,121463226
60000000,121468960
20000000,121697323
25000000,121945720
62000000,122012656
140000000,122523060
187500000,123087120
84000000,123307945
135000000,123477607
13000000,123922370
48000000,124107476
80000000,124685242
35000000,124740460
100000000,124870275
12000000,124872350
120000000,124987022
30000000,125014030
60000000,125070033
40000000,125095601
110000000,125304276
90000000,125305545
200000000,125322469
110000000,125531634
50000000,125548685
60000000,125618201
85000000,126181630
50000000,126293452
125000000,126477084
40000000,126573960
150000000,126631277
180000000,126643061
46000000,126813153
135000000,126930660
50000000,127004179
76000000,127120058
16000000,127175374
102000000,127195589
38000000,127214072
50000000,127352707
50000000,127440871
160000000,127509326
85000000,127706877
56200000,128002372
80000000,128012934
15000000,128067808
80000000,128200012
94000000,128261724
144000000,128350574
18000000,128505958
55000000,128814019
48000000,129094024
15000000,130058047
100000000,130164645
217000000,130168683
99000000,130178411
110000000,130179072
80000000,130319208
140000000,130444603
45000000,130531208
20000000,130726716
94000000,131144183
130000000,131538435
150000000,131772187
120000000,131921738
102000000,132024714
21000000,132092958
137000000,132177234
90000000,132384315
20000000,132422809
115000000,132556852
20000000,132675402
80000000,133107389
150000000,133298577
150000000,133375846
150000000,133501348
80000000,133668525
75000000,134069511
25000000,134202565
55000000,134218018
35000000,134506920
75000000,134508551
110000000,134529403
137500000,134806913
7000000,134966411
50000000,135014968
13500000,135265915
150000000,135386665
56000000,135560942
44500000,136025503
125000000,136314294
70000000,136492681
60000000,136801374
82500000,137355633
20000000,137400141
150000000,137690172
127500000,137748063
190000000,137855863
6000000,137963328
5000000,138141585
10000000,138433435
42000000,138447667
130000000,138540870
40000000,138614544
15000000,138797449
65000000,139225854
150000000,139270910
45000000,139854287
105000000,140015224
180000000,140125968
70000000,140218711
85000000,140371656
80000000,140464664
35000000,141186864
14000000,141330703
33000000,141340178
55000000,141579773
225000000,141621490
70000000,141930000
110000000,142614158
60000000,143153751
7000000,143495265
140000000,143528619
90000000,143619809
150000000,143733273
52000000,144130063
71500000,144156605
38000000,144512310
35000000,144731527
105000000,144801023
22000000,144833357
190000000,144840419
25000000,145000989
30000000,145096820
178000000,145443742
80000000,145771527
100000000,146282411
26000000,146336178
160000000,146408305
152000000,146880162
25000000,148095302
11000000,148168459
73000000,148213377
85000000,148313048
130000000,148415853
100000000,148438600
50000000,148478011
27500000,148761765
65000000,148809770
130000000,149260504
18000000,150086800
40000000,150117807
175000000,150201498
50000000,150357137
170000000,150358296
37000000,150394119
44000000,150415432
85000000,150947895
20000000,151101803
70000000,152257509
57500000,152647258
80000000,152806255
175000000,152901115
84000000,153294164
150000000,153636354
20000000,153665036
125000000,153707064
50000000,153952592
70000000,154112492
85000000,154529439
87500000,154696080
80000000,155019340
85000000,155064265
170000000,155136755
110000000,155190832
80000000,155385488
178000000,155442489
90000000,155464351
14000000,156645693
19000000,157019771
75000000,157299717
82000000,158119460
42000000,158340892
185000000,158848340
10000000,159342015
200000000,159555901
43000000,159581587
5500000,159616327
129000000,160799505
142000000,160942139
28000000,161197785
95000000,161321843
75000000,161412000
23000000,161491646
75000000,162001186
120000000,162192920
55000000,162586036
45000000,162798565
100000000,162805434
80000000,162833635
74000000,162994032
8200000,163214286
125000000,163214888
30000000,163479795
40000000,163958031
52000000,164606800
87000000,165092266
150000000,165249063
50000000,165493908
200000000,166112167
40000000,166167230
55000000,166225040
102000000,167365000
65000000,167500092
61000000,167767189
15000000,167780960
185000000,168052812
60000000,168213584
20000000,169100479
32500000,169211718
40000000,169263165
230000000,169368427
25000000,169607287
80000000,169700110
25000000,169705587
30000000,170687518
78000000,170708996
145000000,171091819
35000000,171243005
65000000,171479930
130000000,171958438
200000000,172062763
230000000,172558876
25000000,172825435
85000000,172956409
100000000,173005002
20000000,173585516
65000000,173772767
32000000,173840591
84000000,174340174
30000000,174532921
8800000,174803506
125000000,175003033
20000000,175006930
80000000,175750384
5000000,176040665
85000000,176087450
65000000,176387405
22000000,176484651
40000000,176591618
140000000,176654505
93000000,176760185
145000000,177002924
15000000,177200000
150000000,177243721
130000000,177397510
55000000,177784257
14000000,178406268
215000000,179020854
15000000,179800601
28000000,179880271
150000000,179883157
100000000,180011740
150000000,180174880
130000000,180202163
80000000,180981886
150000000,181030624
93000000,181166115
45000000,181410615
6000000,181813770
65000000,182207973
120000000,182618434
65000000,182805123
72500000,183135014
85000000,183417150
135000000,183637894
44000000,183875760
100000000,184031112
19000000,184208842
29000000,184296230
110000000,186336279
125000000,186740799
125000000,186848418
135000000,187168425
170000000,187224605
103000000,187683805
165000000,188017894
17000000,188024361
165000000,189412677
150000000,190068280
90000000,190173195
140000000,190418803
125000000,191204754
200000000,191450875
50000000,191719337
30000000,191796233
37000000,192769854
75000000,193595521
150000000,195042377
75000000,195330621
90000000,196573705
48000000,197171806
85000000,198000317
175000000,198351526
151500000,198539855
300000000,200074175
232000000,200120000
160000000,200676069
260000000,200821936
175000000,201091711
95000000,201151353
140000000,201578182
98000000,202007640
190000000,202359711
200000000,202853933
100000000,203464105
150000000,205343774
35000000,206040085
20000000,206333165
150000000,206362140
150000000,206445654
150000000,206459076
170000000,208545589
90000000,209028679
40000000,209218368
145000000,209397903
175000000,209726015
125000000,210031325
60000000,210614939
19000000,212259762
63000000,213117789
116000000,213511408
275000000,213767512
67500000,214030500
125000000,214949694
36000000,215288866
120000000,215409889
130000000,215434591
55000000,216303339
65000000,216335085
145000000,216391482
130000000,216648740
55000000,217326974
28000000,217350219
125000000,217536138
165000000,217581232
22000000,217631306
207000000,218080025
50000000,218665740
25000000,219195051
70000000,219614612
178000000,220159104
165000000,222527828
180000000,223808164
20000000,225686079
250000000,225764765
90000000,226164286
127000000,226277068
130000000,227471070
150000000,227946274
70702619,227969295
108000000,228433663
190000000,228778661
300000000,229024295
75000000,229086679
12000000,230347346
165000000,232641920
85000000,233632142
200000000,233921534
180000000,234037575
132000000,234280354
210000000,234362462
15000000,234760478
200000000,234770996
185000000,237282182
160000000,238679850
165000000,238736787
410600000,241063875
180000000,241407328
5000000,241438208
88000000,241688385
30000000,242212467
81000000,242704995
70000000,244082982
210000000,245439076
90000000,245852179
150000000,248757044
130000000,249757726
90000000,250690539
110000000,250863268
35000000,251188924
69000000,251513985
80000000,254464305
250000000,255119788
35000000,255959475
150000000,256393010
140000000,257730019
60000000,257784718
250000000,258366855
170000000,259746958
12000000,260000000
123000000,260044825
92000000,261441092
220000000,262030663
100000000,262233381
75000000,264624300
50000000,267655011
200000000,268488329
75000000,270329045
75000000,270620950
110000000,274092705
35000000,277322503
60000000,279167575
127500000,281287133
150000000,281553689
160000000,281723902
15000000,285761243
115000000,289423425
150000000,290201752
23000000,290271960
225000000,291045518
180000000,291710957
150000000,292137260
136200000,292324737
160000000,292576195
175000000,293004164
40000000,293506292
125000000,296131568
50000000,296623634
68000000,300531751
250000000,302089278
250000000,303003568
200000000,304360277
140000000,305411224
75000000,306169255
32500000,309205079
300000000,309420425
115000000,310676740
170000000,312433331
180000000,315058289
109000000,315544750
185000000,317101119
125000000,317871467
186000000,318604126
151000000,319246193
160000000,322719944
110000000,324591735
175000000,325100054
35000000,327481748
55000000,330151138
250000000,330360194
160000000,332255270
170000000,333172112
200000000,334191110
175000000,334201140
160000000,335061807
74000000,336045770
258000000,336530303
125000000,337135885
150000000,341268248
94000000,342548984
182000000,343140586
58000000,350126372
195000000,352390543
190000000,353007020
175000000,356461711
58000000,363070709
175000000,364001123
76000000,368065385
75000000,368384330
25000000,370782930
200000000,373524485
94000000,377845905
115000000,380270577
94000000,380529370
125000000,381193157
200000000,389813101
63000000,395708305
150000000,400738009
210000000,402111870
139000000,403706375
90000000,404508916
80000000,408010692
250000000,408084349
200000000,408992272
150000000,412563408
200000000,415004880
170000000,417719760
79300000,421785283
225000000,423315812
130000000,424668047
175000000,426829839
10500000,435110554
70000000,441226247
275000000,448139099
330600000,459005868
11000000,460998007
115000000,474544677
200000000,486295561
160000000,504014165
200000000,532177324
185000000,533720947
200000000,608581744
317000000,620181382
225000000,623279547
215000000,652270625
200000000,659363944
300000000,678815482
200000000,700059566
425000000,760507625
400000000,855623749
306000000,936662225
